,Playlist,Followers,Songs,Genre 1,Genre 2,URI,Song URI,Popularity,Artist Name,Song Name
97,Pop Punk's Not Dead,"523,146",80,Rock,Pop,spotify:playlist:37i9dQZF1DX1ewVhAJ17m4,spotify:track:2bi50NN02pkUKLKphROHd9,64,Demi Lovato,CITY OF ANGELS
97,Pop Punk's Not Dead,"523,146",80,Rock,Pop,spotify:playlist:37i9dQZF1DX1ewVhAJ17m4,spotify:track:6uEBUvGjFsoVdEf775Coa3,60,Waterparks,SELF-SABOTAGE
97,Pop Punk's Not Dead,"523,146",80,Rock,Pop,spotify:playlist:37i9dQZF1DX1ewVhAJ17m4,spotify:track:5JFYTUEMFKVJafHr4S89kr,51,Magnolia Park,I should've listened to my friends
97,Pop Punk's Not Dead,"523,146",80,Rock,Pop,spotify:playlist:37i9dQZF1DX1ewVhAJ17m4,spotify:track:3WcZqa5zOjq3FnEBZCriMw,41,Story Of The Year,Real Life
97,Pop Punk's Not Dead,"523,146",80,Rock,Pop,spotify:playlist:37i9dQZF1DX1ewVhAJ17m4,spotify:track:4EAEKqmrkfA7WFfeBAvDZi,47,Dear Youth,Juice
97,Pop Punk's Not Dead,"523,146",80,Rock,Pop,spotify:playlist:37i9dQZF1DX1ewVhAJ17m4,spotify:track:2lHktSigIAZqf7BkA7NRS7,60,Avril Lavigne,Bois Lie (feat. Machine Gun Kelly)
97,Pop Punk's Not Dead,"523,146",80,Rock,Pop,spotify:playlist:37i9dQZF1DX1ewVhAJ17m4,spotify:track:1SvWcEk0BXuOmQp25PThtR,13,Games We Play,Get A Job
97,Pop Punk's Not Dead,"523,146",80,Rock,Pop,spotify:playlist:37i9dQZF1DX1ewVhAJ17m4,spotify:track:3FSxSPFLwvVUMjTjFo9Von,50,Ryan Oakes,THE AMERICAN DREAM
97,Pop Punk's Not Dead,"523,146",80,Rock,Pop,spotify:playlist:37i9dQZF1DX1ewVhAJ17m4,spotify:track:0g4Nl4tH0jef0wApjV5sfH,55,Simple Plan,Ruin My Life (feat. Deryck Whibley)
97,Pop Punk's Not Dead,"523,146",80,Rock,Pop,spotify:playlist:37i9dQZF1DX1ewVhAJ17m4,spotify:track:40FJkZzaY8DWGtYoCB63EE,58,State Champs,Everybody but You
97,Pop Punk's Not Dead,"523,146",80,Rock,Pop,spotify:playlist:37i9dQZF1DX1ewVhAJ17m4,spotify:track:5w4nlSCMfNT2TdopSd0Lmu,48,WHOKILLEDXIX,ATTENTION!
97,Pop Punk's Not Dead,"523,146",80,Rock,Pop,spotify:playlist:37i9dQZF1DX1ewVhAJ17m4,spotify:track:6jhBI8HZ1qxetz13hjL1PE,56,Maggie Lindemann,how could you do this to me? feat. Kellin Quinn from Sleeping With Sirens
97,Pop Punk's Not Dead,"523,146",80,Rock,Pop,spotify:playlist:37i9dQZF1DX1ewVhAJ17m4,spotify:track:6dfwRetlyLPBoQzdufbOWj,70,Avril Lavigne,Bite Me
97,Pop Punk's Not Dead,"523,146",80,Rock,Pop,spotify:playlist:37i9dQZF1DX1ewVhAJ17m4,spotify:track:3Vt3KkESJwfVyIJmB5Gcx0,30,The Early November,Denent
97,Pop Punk's Not Dead,"523,146",80,Rock,Pop,spotify:playlist:37i9dQZF1DX1ewVhAJ17m4,spotify:track:54BhHvjtrz2eqGomjZK9mg,42,Ty Arena$,Six Feet Under
97,Pop Punk's Not Dead,"523,146",80,Rock,Pop,spotify:playlist:37i9dQZF1DX1ewVhAJ17m4,spotify:track:4Oqkl7HhomsKtZ0uLmN1H7,48,Fran Roz,DOUBTS (feat. Ryan Oakes)
97,Pop Punk's Not Dead,"523,146",80,Rock,Pop,spotify:playlist:37i9dQZF1DX1ewVhAJ17m4,spotify:track:43YhUeHATriN0vyiEZUZ82,45,Youth Fountain,Light Switch
97,Pop Punk's Not Dead,"523,146",80,Rock,Pop,spotify:playlist:37i9dQZF1DX1ewVhAJ17m4,spotify:track:5NWyhQjPTh37ygOq4UHYZk,51,Said The Sky,Emotion Sickness
97,Pop Punk's Not Dead,"523,146",80,Rock,Pop,spotify:playlist:37i9dQZF1DX1ewVhAJ17m4,spotify:track:29GKyMCkBY2Kc7M2VcAZJE,59,Taylor Acorn,Psycho
97,Pop Punk's Not Dead,"523,146",80,Rock,Pop,spotify:playlist:37i9dQZF1DX1ewVhAJ17m4,spotify:track:3h8L8qrK6GzE5JoHjOU9Oz,43,Yours Truly,Careless Kind
97,Pop Punk's Not Dead,"523,146",80,Rock,Pop,spotify:playlist:37i9dQZF1DX1ewVhAJ17m4,spotify:track:0ZesMib2ggF1jXaMM7SNlW,43,Cartel,The End
97,Pop Punk's Not Dead,"523,146",80,Rock,Pop,spotify:playlist:37i9dQZF1DX1ewVhAJ17m4,spotify:track:617vlwnmLpKRnMkotVThcu,41,KD BADLUNG,SORRY 4 MYSELF
97,Pop Punk's Not Dead,"523,146",80,Rock,Pop,spotify:playlist:37i9dQZF1DX1ewVhAJ17m4,spotify:track:0SbcVQyMO5M68AzhX8gYaS,58,Jack Kays,SIDEWAYS (with Travis Barker)
97,Pop Punk's Not Dead,"523,146",80,Rock,Pop,spotify:playlist:37i9dQZF1DX1ewVhAJ17m4,spotify:track:4ka1FkKAMde6dQAFFMXKac,71,Nessa Barrett,i hope ur miserable until ur dead
97,Pop Punk's Not Dead,"523,146",80,Rock,Pop,spotify:playlist:37i9dQZF1DX1ewVhAJ17m4,spotify:track:4No3g1xYAXAyxYU4LQLZEq,53,Hoodie Allen,Call Me Never
97,Pop Punk's Not Dead,"523,146",80,Rock,Pop,spotify:playlist:37i9dQZF1DX1ewVhAJ17m4,spotify:track:3GkVGyEdZPy7Q6Dyn1YZJ3,2,Misplaced,TRIVIAL PURSUIT
97,Pop Punk's Not Dead,"523,146",80,Rock,Pop,spotify:playlist:37i9dQZF1DX1ewVhAJ17m4,spotify:track:1Ee8F0OqNRgdXoO9HoOrKI,50,Hot Milk,The King and Queen of Gasoline
97,Pop Punk's Not Dead,"523,146",80,Rock,Pop,spotify:playlist:37i9dQZF1DX1ewVhAJ17m4,spotify:track:0IPKskRI33eRXjUhNUr9b5,64,The Maine,Loved You A Little (with Taking Back Sunday and Charlotte Sands)
97,Pop Punk's Not Dead,"523,146",80,Rock,Pop,spotify:playlist:37i9dQZF1DX1ewVhAJ17m4,spotify:track:3WpfdMUVeY7vyp8t60JtGo,43,Lauran Hibberd,Hot Boys
97,Pop Punk's Not Dead,"523,146",80,Rock,Pop,spotify:playlist:37i9dQZF1DX1ewVhAJ17m4,spotify:track:337hH1EiSJ7Sqqz6weaUmq,49,Hot Milk,I Fell in Love With Someone I Shouldn't Have
97,Pop Punk's Not Dead,"523,146",80,Rock,Pop,spotify:playlist:37i9dQZF1DX1ewVhAJ17m4,spotify:track:2SfMutDpjeHZgNXDmqObIF,40,408,Drama King
97,Pop Punk's Not Dead,"523,146",80,Rock,Pop,spotify:playlist:37i9dQZF1DX1ewVhAJ17m4,spotify:track:2EEBYFmjdsVLmDhXXGLfZi,49,Pinkshift,i'm not crying you're crying
97,Pop Punk's Not Dead,"523,146",80,Rock,Pop,spotify:playlist:37i9dQZF1DX1ewVhAJ17m4,spotify:track:34z2PBOPZUisHIdPYdlUzU,46,Aryia,A Session With My Therapist
97,Pop Punk's Not Dead,"523,146",80,Rock,Pop,spotify:playlist:37i9dQZF1DX1ewVhAJ17m4,spotify:track:2pkaP5gZboMEf5Jlrh8FXK,53,408,Backfired
97,Pop Punk's Not Dead,"523,146",80,Rock,Pop,spotify:playlist:37i9dQZF1DX1ewVhAJ17m4,spotify:track:4dM0WvMJS7tFcAWVkKgOsu,36,Fluorescents,Funeral
97,Pop Punk's Not Dead,"523,146",80,Rock,Pop,spotify:playlist:37i9dQZF1DX1ewVhAJ17m4,spotify:track:2ZcoqjUsyULHkmnHQV1AQ6,47,Chad Tepper,I Hate Everybody
97,Pop Punk's Not Dead,"523,146",80,Rock,Pop,spotify:playlist:37i9dQZF1DX1ewVhAJ17m4,spotify:track:2sPlAS5w8wpAfbxL3l2Ljr,51,GARZI,MESS (with Kellin Quinn of Sleeping With Sirens)
97,Pop Punk's Not Dead,"523,146",80,Rock,Pop,spotify:playlist:37i9dQZF1DX1ewVhAJ17m4,spotify:track:42LgfNNmYrzwjpgMb6uha5,30,Misplaced,theonlytimehefeelsfine
97,Pop Punk's Not Dead,"523,146",80,Rock,Pop,spotify:playlist:37i9dQZF1DX1ewVhAJ17m4,spotify:track:0hyjxXkT5neqnNmJUVjtD4,46,Aryia,2009
97,Pop Punk's Not Dead,"523,146",80,Rock,Pop,spotify:playlist:37i9dQZF1DX1ewVhAJ17m4,spotify:track:3wnVGG4XF8VbhdfvY8hd1F,48,Cameron Sanderson,Deadzone
97,Pop Punk's Not Dead,"523,146",80,Rock,Pop,spotify:playlist:37i9dQZF1DX1ewVhAJ17m4,spotify:track:2I2fsIg0aSPmstuuaBcEIW,53,Loveless,"If You Have My Voodoo Doll, Give Me a Hug"
97,Pop Punk's Not Dead,"523,146",80,Rock,Pop,spotify:playlist:37i9dQZF1DX1ewVhAJ17m4,spotify:track:2XnXc7VrwyQzy5ddfKe5Qo,47,Hot Milk,Teenage Runaways
97,Pop Punk's Not Dead,"523,146",80,Rock,Pop,spotify:playlist:37i9dQZF1DX1ewVhAJ17m4,spotify:track:2u1I5zNsB0FzoVhuzCCszK,52,RØRY,UNCOMPLICATED
97,Pop Punk's Not Dead,"523,146",80,Rock,Pop,spotify:playlist:37i9dQZF1DX1ewVhAJ17m4,spotify:track:6VL1ikOTJscKBHRgV686ug,42,Real Friends,Remedy for Reality
97,Pop Punk's Not Dead,"523,146",80,Rock,Pop,spotify:playlist:37i9dQZF1DX1ewVhAJ17m4,spotify:track:5Wb2OkliDE5wqNNiAy8E4B,37,Aaron Taos,punk chick
97,Pop Punk's Not Dead,"523,146",80,Rock,Pop,spotify:playlist:37i9dQZF1DX1ewVhAJ17m4,spotify:track:1GlaDUecMXdHig5D1tgY8p,52,Jasiah,Right Now (feat. Travis Barker)
97,Pop Punk's Not Dead,"523,146",80,Rock,Pop,spotify:playlist:37i9dQZF1DX1ewVhAJ17m4,spotify:track:28RPEcjNNGKRdbTygQ7WoH,53,State Champs,Outta My Head
97,Pop Punk's Not Dead,"523,146",80,Rock,Pop,spotify:playlist:37i9dQZF1DX1ewVhAJ17m4,spotify:track:3uSIJGEiXmRYaSURiDbp2P,41,lleo,serotonin
97,Pop Punk's Not Dead,"523,146",80,Rock,Pop,spotify:playlist:37i9dQZF1DX1ewVhAJ17m4,spotify:track:3tBZ60j1jQ7NJm8IjelyQe,73,Machine Gun Kelly,emo girl (feat. WILLOW)
97,Pop Punk's Not Dead,"523,146",80,Rock,Pop,spotify:playlist:37i9dQZF1DX1ewVhAJ17m4,spotify:track:5pgOXFPQROrmboHmcTYonC,39,Charlotte Sands,Every Guy Ever
97,Pop Punk's Not Dead,"523,146",80,Rock,Pop,spotify:playlist:37i9dQZF1DX1ewVhAJ17m4,spotify:track:0pUNyIK9UsvFpXHbJ6gunK,48,"Chunk! No, Captain Chunk!",Bitter
97,Pop Punk's Not Dead,"523,146",80,Rock,Pop,spotify:playlist:37i9dQZF1DX1ewVhAJ17m4,spotify:track:1rCQdw3dnvVexJwu1c7EAL,45,Mom Jeans.,What's Up?
97,Pop Punk's Not Dead,"523,146",80,Rock,Pop,spotify:playlist:37i9dQZF1DX1ewVhAJ17m4,spotify:track:4lanb9IYNnwzlQd9XmTjju,40,7evin7ins,Wake Up
97,Pop Punk's Not Dead,"523,146",80,Rock,Pop,spotify:playlist:37i9dQZF1DX1ewVhAJ17m4,spotify:track:66MvNxKQGPQS0AUeaoYlcn,56,Stand Atlantic,hair out
97,Pop Punk's Not Dead,"523,146",80,Rock,Pop,spotify:playlist:37i9dQZF1DX1ewVhAJ17m4,spotify:track:6VTzauIrG2hjKtKFYFJfMT,54,LØLØ,debbie downer
97,Pop Punk's Not Dead,"523,146",80,Rock,Pop,spotify:playlist:37i9dQZF1DX1ewVhAJ17m4,spotify:track:5HthgwQJXeulWos92AfIrg,48,Loveless,sorry i'm a downer
97,Pop Punk's Not Dead,"523,146",80,Rock,Pop,spotify:playlist:37i9dQZF1DX1ewVhAJ17m4,spotify:track:0w8aZyDeFw67itdrjqy6O3,39,MxPx,Say Yes
97,Pop Punk's Not Dead,"523,146",80,Rock,Pop,spotify:playlist:37i9dQZF1DX1ewVhAJ17m4,spotify:track:2gyWRxnmsdfPKlwu1x1YAy,43,Between You & Me,Deadbeat
97,Pop Punk's Not Dead,"523,146",80,Rock,Pop,spotify:playlist:37i9dQZF1DX1ewVhAJ17m4,spotify:track:7KGCp5rReukE5rsPhoF8wJ,40,Belmont,Bowser's Castle
97,Pop Punk's Not Dead,"523,146",80,Rock,Pop,spotify:playlist:37i9dQZF1DX1ewVhAJ17m4,spotify:track:4kktxKYY6MQK6rNlEvNl2o,45,TITUS,SiCK ABOuT U
97,Pop Punk's Not Dead,"523,146",80,Rock,Pop,spotify:playlist:37i9dQZF1DX1ewVhAJ17m4,spotify:track:2RIdz4Q2Ij10tT7DRJjTa6,39,Futuristic,Gucci
97,Pop Punk's Not Dead,"523,146",80,Rock,Pop,spotify:playlist:37i9dQZF1DX1ewVhAJ17m4,spotify:track:2hym6qBXvGwg0VnI7HuZot,45,Ryan Oakes,DEAD ASTRONAUT
97,Pop Punk's Not Dead,"523,146",80,Rock,Pop,spotify:playlist:37i9dQZF1DX1ewVhAJ17m4,spotify:track:373GdfW6KshUwMjxk4JtKp,39,Senses Fail,I'm Sorry I'm Leaving
97,Pop Punk's Not Dead,"523,146",80,Rock,Pop,spotify:playlist:37i9dQZF1DX1ewVhAJ17m4,spotify:track:3RuNatnCCHe7LS5QTNnJJu,41,Ryan Oakes,WE'RE NOT STRANGERS
97,Pop Punk's Not Dead,"523,146",80,Rock,Pop,spotify:playlist:37i9dQZF1DX1ewVhAJ17m4,spotify:track:7spqZfs1HsUWUTVr43Fr0i,41,Goody Grace,Hold Me in the Moonlight
97,Pop Punk's Not Dead,"523,146",80,Rock,Pop,spotify:playlist:37i9dQZF1DX1ewVhAJ17m4,spotify:track:6X6CxZ2XbfayOg2ldlBEJV,38,Meet Me @ The Altar,Brighter Days (Are Before Us)
97,Pop Punk's Not Dead,"523,146",80,Rock,Pop,spotify:playlist:37i9dQZF1DX1ewVhAJ17m4,spotify:track:5kWxexqLsP9izjOxZre9iD,38,Super American,together
97,Pop Punk's Not Dead,"523,146",80,Rock,Pop,spotify:playlist:37i9dQZF1DX1ewVhAJ17m4,spotify:track:14U3GHjvw3Bk9HDeEBdrur,41,Story Untold,Don't Fall In Love With Me
97,Pop Punk's Not Dead,"523,146",80,Rock,Pop,spotify:playlist:37i9dQZF1DX1ewVhAJ17m4,spotify:track:5YTCpQnzU6OiQqLndUuIBT,41,7evin7ins,Love You Like I Used To
97,Pop Punk's Not Dead,"523,146",80,Rock,Pop,spotify:playlist:37i9dQZF1DX1ewVhAJ17m4,spotify:track:7qhIVH6Vov1CxFX7X7s8RM,40,Smrtdeath,sober
97,Pop Punk's Not Dead,"523,146",80,Rock,Pop,spotify:playlist:37i9dQZF1DX1ewVhAJ17m4,spotify:track:2TIsg3maE0ssdgjsc8qh8O,36,Bronnie,Friendzone
97,Pop Punk's Not Dead,"523,146",80,Rock,Pop,spotify:playlist:37i9dQZF1DX1ewVhAJ17m4,spotify:track:7EG5uI3JPSMaGgexmhsyzb,38,7ru7h,Last First Date
97,Pop Punk's Not Dead,"523,146",80,Rock,Pop,spotify:playlist:37i9dQZF1DX1ewVhAJ17m4,spotify:track:5NZ86YaW48jgWG0QoEujpw,44,Bearings,Sway
97,Pop Punk's Not Dead,"523,146",80,Rock,Pop,spotify:playlist:37i9dQZF1DX1ewVhAJ17m4,spotify:track:4HtoILxBA3ICgzUeWVr6x8,37,Magnolia Park,Back Home
97,Pop Punk's Not Dead,"523,146",80,Rock,Pop,spotify:playlist:37i9dQZF1DX1ewVhAJ17m4,spotify:track:3DVlE3PXyYSTZg99ZwaV3A,42,LØLØ,u look stupid
97,Pop Punk's Not Dead,"523,146",80,Rock,Pop,spotify:playlist:37i9dQZF1DX1ewVhAJ17m4,spotify:track:2sYl3t3Rrnrs7mDbDHnIPg,36,Cold Years,32
97,Pop Punk's Not Dead,"523,146",80,Rock,Pop,spotify:playlist:37i9dQZF1DX1ewVhAJ17m4,spotify:track:6kUqtwGftq5d2kzlH3Eh9t,40,Knuckle Puck,Gasoline
97,Pop Punk's Not Dead,"523,146",80,Rock,Pop,spotify:playlist:37i9dQZF1DX1ewVhAJ17m4,spotify:track:7kTg2JxsgHLWjavcl1dPEf,37,Bearings,Shaking Your Mind
97,Pop Punk's Not Dead,"523,146",80,Rock,Pop,spotify:playlist:37i9dQZF1DX1ewVhAJ17m4,spotify:track:0qwoBdMnysN7dDT6tK3fcE,51,Movements,Panic
97,Pop Punk's Not Dead,"523,146",80,Rock,Pop,spotify:playlist:37i9dQZF1DX1ewVhAJ17m4,spotify:track:1UtvJgyt2sviZ5J3EGyLWN,39,Chad Tepper,dont wanna die
98,Signed XOXO,"1,912,124",98,R&B,Pop,spotify:playlist:37i9dQZF1DX2A29LI7xHn1,spotify:track:54NBD72JXFXzrodbQBSzWh,75,Tyga,Sunshine
98,Signed XOXO,"1,912,124",98,R&B,Pop,spotify:playlist:37i9dQZF1DX2A29LI7xHn1,spotify:track:64pUytZWfCpeeMBN0XAadF,73,Chris Brown,Psychic
98,Signed XOXO,"1,912,124",98,R&B,Pop,spotify:playlist:37i9dQZF1DX2A29LI7xHn1,spotify:track:1hs54MGy1J69I52GvzsrbB,66,Jack Harlow,Poison (feat. Lil Wayne)
98,Signed XOXO,"1,912,124",98,R&B,Pop,spotify:playlist:37i9dQZF1DX2A29LI7xHn1,spotify:track:0g2Bbgy7P41pFjMWJuzsf4,87,DJ Khaled,STAYING ALIVE (feat. Drake & Lil Baby)
98,Signed XOXO,"1,912,124",98,R&B,Pop,spotify:playlist:37i9dQZF1DX2A29LI7xHn1,spotify:track:59nOXPmaKlBfGMDeOVGrIK,89,Future,WAIT FOR U (feat. Drake & Tems)
98,Signed XOXO,"1,912,124",98,R&B,Pop,spotify:playlist:37i9dQZF1DX2A29LI7xHn1,spotify:track:4rmVZajAF7PkrCagGPHbqa,84,Drake,Sticky
98,Signed XOXO,"1,912,124",98,R&B,Pop,spotify:playlist:37i9dQZF1DX2A29LI7xHn1,spotify:track:3K9IrLs25jHtvWjAAFAfav,70,Diddy,Gotta Move On (feat. Bryson Tiller)
98,Signed XOXO,"1,912,124",98,R&B,Pop,spotify:playlist:37i9dQZF1DX2A29LI7xHn1,spotify:track:0hquQWY3xvYqN4qtiquniF,90,Doja Cat,Vegas (From the Original Motion Picture Soundtrack ELVIS)
98,Signed XOXO,"1,912,124",98,R&B,Pop,spotify:playlist:37i9dQZF1DX2A29LI7xHn1,spotify:track:1KYxtEzzTOVHceP30W0QV7,61,DaBaby,TOUGH SKIN
98,Signed XOXO,"1,912,124",98,R&B,Pop,spotify:playlist:37i9dQZF1DX2A29LI7xHn1,spotify:track:1NtyeXryylf8HWXnxVTD3v,75,Rod Wave,Yungen (feat. Jack Harlow)
98,Signed XOXO,"1,912,124",98,R&B,Pop,spotify:playlist:37i9dQZF1DX2A29LI7xHn1,spotify:track:7DwcBgdzqhFJltEaV1XF81,82,Post Malone,Cooped Up (with Roddy Ricch)
98,Signed XOXO,"1,912,124",98,R&B,Pop,spotify:playlist:37i9dQZF1DX2A29LI7xHn1,spotify:track:2pY5ZVUFscLWhOonrR4knh,56,Vory,Do Not Disturb ft. NAV and Yung Bleu
98,Signed XOXO,"1,912,124",98,R&B,Pop,spotify:playlist:37i9dQZF1DX2A29LI7xHn1,spotify:track:2g6tReTlM2Akp41g0HaeXN,83,Kendrick Lamar,Die Hard
98,Signed XOXO,"1,912,124",98,R&B,Pop,spotify:playlist:37i9dQZF1DX2A29LI7xHn1,spotify:track:557DLyFeg06jCV2cpT005C,72,YG,Toxic
98,Signed XOXO,"1,912,124",98,R&B,Pop,spotify:playlist:37i9dQZF1DX2A29LI7xHn1,spotify:track:5hHvFrMnwic82WwRLr4WY0,76,Megan Thee Stallion,Her
98,Signed XOXO,"1,912,124",98,R&B,Pop,spotify:playlist:37i9dQZF1DX2A29LI7xHn1,spotify:track:0BCNSmIcyYpFd62IucNCbB,62,Wiz Khalifa,Memory Lane
98,Signed XOXO,"1,912,124",98,R&B,Pop,spotify:playlist:37i9dQZF1DX2A29LI7xHn1,spotify:track:5bLGQqcpsz5ISWeihZfJnR,80,Russ,Are You Entertained (feat. Ed Sheeran)
98,Signed XOXO,"1,912,124",98,R&B,Pop,spotify:playlist:37i9dQZF1DX2A29LI7xHn1,spotify:track:4L1zI1GJxi0Qq38aSYmsS0,65,King Combs,Can't Stop Won't Stop (feat. Kodak Black)
98,Signed XOXO,"1,912,124",98,R&B,Pop,spotify:playlist:37i9dQZF1DX2A29LI7xHn1,spotify:track:5xHodqknQtgokj6oO1giHb,65,DaBaby,SHOWING OFF HER BODY (with Davido)
98,Signed XOXO,"1,912,124",98,R&B,Pop,spotify:playlist:37i9dQZF1DX2A29LI7xHn1,spotify:track:6IhYveUZOkd1dVuE1mdX5N,50,Stunna Gambino,Self Worth (feat. Lil Perco)
98,Signed XOXO,"1,912,124",98,R&B,Pop,spotify:playlist:37i9dQZF1DX2A29LI7xHn1,spotify:track:4C6Uex2ILwJi9sZXRdmqXp,89,Nicki Minaj,Super Freaky Girl
98,Signed XOXO,"1,912,124",98,R&B,Pop,spotify:playlist:37i9dQZF1DX2A29LI7xHn1,spotify:track:3LtpKP5abr2qqjunvjlX5i,92,Central Cee,Doja
98,Signed XOXO,"1,912,124",98,R&B,Pop,spotify:playlist:37i9dQZF1DX2A29LI7xHn1,spotify:track:7Fp4m0ZcpES3hb99q4WQII,55,Seddy Hendrinx,Groovy (feat. Fivio Foreign)
98,Signed XOXO,"1,912,124",98,R&B,Pop,spotify:playlist:37i9dQZF1DX2A29LI7xHn1,spotify:track:5aUJonYqwhmvgNlWQdH6P1,58,Cordae,So With That
98,Signed XOXO,"1,912,124",98,R&B,Pop,spotify:playlist:37i9dQZF1DX2A29LI7xHn1,spotify:track:3XY9A28it4ayh188fbjCnK,41,Dustystaytrue,Unappreciated
98,Signed XOXO,"1,912,124",98,R&B,Pop,spotify:playlist:37i9dQZF1DX2A29LI7xHn1,spotify:track:5sB27YGIsK9zBi0uVfjOek,71,Nardo Wick,Burning Up (feat. The Kid LAROI)
98,Signed XOXO,"1,912,124",98,R&B,Pop,spotify:playlist:37i9dQZF1DX2A29LI7xHn1,spotify:track:6B2Uwx4edHAudfLdL82tlT,58,Toosii,Lonely
98,Signed XOXO,"1,912,124",98,R&B,Pop,spotify:playlist:37i9dQZF1DX2A29LI7xHn1,spotify:track:76Nm6QNruFMrQc3HWTfreR,59,Lil Durk,IYKYK (feat. Ella Mai & A Boogie Wit Da Hoodie)
98,Signed XOXO,"1,912,124",98,R&B,Pop,spotify:playlist:37i9dQZF1DX2A29LI7xHn1,spotify:track:67v2UHujFruxWrDmjPYxD6,70,Doechii,Persuasive (with SZA)
98,Signed XOXO,"1,912,124",98,R&B,Pop,spotify:playlist:37i9dQZF1DX2A29LI7xHn1,spotify:track:4rrYukNTU685ZS3BGRaP5e,53,Mozzy,"Wouldn't Be Us (with YG, Blxst)"
98,Signed XOXO,"1,912,124",98,R&B,Pop,spotify:playlist:37i9dQZF1DX2A29LI7xHn1,spotify:track:2RWHnUfoeI5RPU3EINDl3R,58,Kid Ink,Dead Wrong
98,Signed XOXO,"1,912,124",98,R&B,Pop,spotify:playlist:37i9dQZF1DX2A29LI7xHn1,spotify:track:46cBzfiGyZetFFC9P9LATk,52,Rexx Life Raj,Settled (feat. Russ)
98,Signed XOXO,"1,912,124",98,R&B,Pop,spotify:playlist:37i9dQZF1DX2A29LI7xHn1,spotify:track:5IVPl9SbDAe28LCRHBNpBa,60,Rae Sremmurd,Community D**k (feat. Flo Milli)
98,Signed XOXO,"1,912,124",98,R&B,Pop,spotify:playlist:37i9dQZF1DX2A29LI7xHn1,spotify:track:2u73qt5DYi05CuJfZDsB4A,50,FRVRFRIDAY,FLYLIKEDIS
98,Signed XOXO,"1,912,124",98,R&B,Pop,spotify:playlist:37i9dQZF1DX2A29LI7xHn1,spotify:track:3s4xbg1cTfkfmJF4J8njSx,41,Moslikely,Windows Down
98,Signed XOXO,"1,912,124",98,R&B,Pop,spotify:playlist:37i9dQZF1DX2A29LI7xHn1,spotify:track:5gjBw5k3DKHkylViPcVs1b,50,YK Osiris,BE MY GIRL
98,Signed XOXO,"1,912,124",98,R&B,Pop,spotify:playlist:37i9dQZF1DX2A29LI7xHn1,spotify:track:1MxRCvO6DSOXMWQPxuOxY3,40,KAS,Soul Ties
98,Signed XOXO,"1,912,124",98,R&B,Pop,spotify:playlist:37i9dQZF1DX2A29LI7xHn1,spotify:track:107u1om4m4zTfzWx4BtW6R,55,Phora,Dangerous
98,Signed XOXO,"1,912,124",98,R&B,Pop,spotify:playlist:37i9dQZF1DX2A29LI7xHn1,spotify:track:1gHamNXNt8OjoynRvGhg1a,53,Kalan.FrFr,Pull Up
98,Signed XOXO,"1,912,124",98,R&B,Pop,spotify:playlist:37i9dQZF1DX2A29LI7xHn1,spotify:track:17GwUSpTy04lYWHHmwMvTD,66,YoungBoy Never Broke Again,My Go To (feat. Kehlani)
98,Signed XOXO,"1,912,124",98,R&B,Pop,spotify:playlist:37i9dQZF1DX2A29LI7xHn1,spotify:track:65RuMTQsaooIJInitg18O4,51,Morray,Ticket
98,Signed XOXO,"1,912,124",98,R&B,Pop,spotify:playlist:37i9dQZF1DX2A29LI7xHn1,spotify:track:5XFoaqV1Z8XaLJidchVWhh,75,Kid Cudi,love.
98,Signed XOXO,"1,912,124",98,R&B,Pop,spotify:playlist:37i9dQZF1DX2A29LI7xHn1,spotify:track:5cEd8xWXyqhpuCDUXQOyE3,57,Joey Bada$$,Survivors Guilt
98,Signed XOXO,"1,912,124",98,R&B,Pop,spotify:playlist:37i9dQZF1DX2A29LI7xHn1,spotify:track:5p6WK11tEr3Obm8aAYA88l,44,2FeetBino,Ungrateful
98,Signed XOXO,"1,912,124",98,R&B,Pop,spotify:playlist:37i9dQZF1DX2A29LI7xHn1,spotify:track:50sW2uaLMBRDQV9hNjhA2q,51,The Game,"Universal Love (Feat. Chris Brown, Chlöe & Cassie)"
98,Signed XOXO,"1,912,124",98,R&B,Pop,spotify:playlist:37i9dQZF1DX2A29LI7xHn1,spotify:track:6MxRsNdqWgJDiXfSFGlelp,47,Eli Sostre,Bad Thing
98,Signed XOXO,"1,912,124",98,R&B,Pop,spotify:playlist:37i9dQZF1DX2A29LI7xHn1,spotify:track:22Xi8off2rIqT1kwTZXKPW,57,Coi Leray,The One (Sprite Limelight)
98,Signed XOXO,"1,912,124",98,R&B,Pop,spotify:playlist:37i9dQZF1DX2A29LI7xHn1,spotify:track:0Ls2AaWYmU2LRzWAmFdlkc,70,Bankrol Hayden,Deep End (feat. Lil Skies)
98,Signed XOXO,"1,912,124",98,R&B,Pop,spotify:playlist:37i9dQZF1DX2A29LI7xHn1,spotify:track:3woWtzkN6KKSfX7VBW6nDg,46,Doe Boy,MORE THAN FRIENDS
98,Signed XOXO,"1,912,124",98,R&B,Pop,spotify:playlist:37i9dQZF1DX2A29LI7xHn1,spotify:track:3Jo34FHsqVDp7QLP9Ahw2n,57,Kalan.FrFr,No Stoppin ft. Blxst
98,Signed XOXO,"1,912,124",98,R&B,Pop,spotify:playlist:37i9dQZF1DX2A29LI7xHn1,spotify:track:2HghsZnVNsZhUeVl6VlbS8,51,Bino Rideaux,OUTTA LINE
98,Signed XOXO,"1,912,124",98,R&B,Pop,spotify:playlist:37i9dQZF1DX2A29LI7xHn1,spotify:track:4yt9MUm0zxEgx6m0Nml7M9,53,K CAMP,If These Walls Could Talk
98,Signed XOXO,"1,912,124",98,R&B,Pop,spotify:playlist:37i9dQZF1DX2A29LI7xHn1,spotify:track:7AZbFMT8zbbUpDBWMbOg0y,57,Aaron May,How I Am (feat. Jay Millz)
98,Signed XOXO,"1,912,124",98,R&B,Pop,spotify:playlist:37i9dQZF1DX2A29LI7xHn1,spotify:track:7soX1jrCsDhZdwikQiiibk,57,Shawna & Mia,Seduce & Scheme (RAP SH!T: Soundtrack From The Max Original Series)
98,Signed XOXO,"1,912,124",98,R&B,Pop,spotify:playlist:37i9dQZF1DX2A29LI7xHn1,spotify:track:3PnDz7t38mzVZaImRrSknW,61,Tobe Nwigwe,LORD FORGIVE ME
98,Signed XOXO,"1,912,124",98,R&B,Pop,spotify:playlist:37i9dQZF1DX2A29LI7xHn1,spotify:track:6RouTxJEaWLaleuPFt5JP4,52,Shordie Shordie,Body Language
98,Signed XOXO,"1,912,124",98,R&B,Pop,spotify:playlist:37i9dQZF1DX2A29LI7xHn1,spotify:track:75kbz7ZnEgvEbiBFOb5Izh,49,Buddy,Long Day (Pussy Crazy) (feat. Gwen Bunn)
98,Signed XOXO,"1,912,124",98,R&B,Pop,spotify:playlist:37i9dQZF1DX2A29LI7xHn1,spotify:track:0h8DsuI2FBTgu2FKP0XkUs,46,Money Man,New York
98,Signed XOXO,"1,912,124",98,R&B,Pop,spotify:playlist:37i9dQZF1DX2A29LI7xHn1,spotify:track:5m4TMhR7wQQGxelJa7lToQ,69,Fivio Foreign,What’s My Name (with Queen Naija & Coi Leray)
98,Signed XOXO,"1,912,124",98,R&B,Pop,spotify:playlist:37i9dQZF1DX2A29LI7xHn1,spotify:track:327BrH20DE945kxC164frW,55,Wiz Khalifa,Big Daddy Wiz (feat. Girl Talk)
98,Signed XOXO,"1,912,124",98,R&B,Pop,spotify:playlist:37i9dQZF1DX2A29LI7xHn1,spotify:track:10jEXVotjfH7Qhdh5YEzyL,38,Flo Milli,Tilted Halo
98,Signed XOXO,"1,912,124",98,R&B,Pop,spotify:playlist:37i9dQZF1DX2A29LI7xHn1,spotify:track:1InZhRtKbFW3vE6VyJ4g5L,41,Enchanting,Large Amounts (feat. Gucci Mane)
98,Signed XOXO,"1,912,124",98,R&B,Pop,spotify:playlist:37i9dQZF1DX2A29LI7xHn1,spotify:track:41G3M9ewHTrDGNl5UKKlQl,52,Bino Rideaux,IF YOU EVER
98,Signed XOXO,"1,912,124",98,R&B,Pop,spotify:playlist:37i9dQZF1DX2A29LI7xHn1,spotify:track:0DxmOT2FElosMIw0LHerwC,50,Dom Kennedy,Say Lady
98,Signed XOXO,"1,912,124",98,R&B,Pop,spotify:playlist:37i9dQZF1DX2A29LI7xHn1,spotify:track:58njyEW0iRoGKUy9xyPukJ,51,ARDN,Paper
98,Signed XOXO,"1,912,124",98,R&B,Pop,spotify:playlist:37i9dQZF1DX2A29LI7xHn1,spotify:track:06JvOZ39sK8D8SqiqfaxDU,82,Kanye West,True Love
98,Signed XOXO,"1,912,124",98,R&B,Pop,spotify:playlist:37i9dQZF1DX2A29LI7xHn1,spotify:track:3bl8n8PNsAj1CkGDeWZvqd,43,KB Mike,Need U (with Scorey)
98,Signed XOXO,"1,912,124",98,R&B,Pop,spotify:playlist:37i9dQZF1DX2A29LI7xHn1,spotify:track:1oc92BMKYkNxK17C2GtyRM,79,Polo G,Distraction
98,Signed XOXO,"1,912,124",98,R&B,Pop,spotify:playlist:37i9dQZF1DX2A29LI7xHn1,spotify:track:7IaeavdRzXYQWfu2Wt5GlU,61,Drake,Currents
98,Signed XOXO,"1,912,124",98,R&B,Pop,spotify:playlist:37i9dQZF1DX2A29LI7xHn1,spotify:track:4N20NYwhJRArlzEhdCKXka,62,Kodak Black,Usain Boo
98,Signed XOXO,"1,912,124",98,R&B,Pop,spotify:playlist:37i9dQZF1DX2A29LI7xHn1,spotify:track:5igBmMvQ0kJ6rShqSUAIHq,58,Kevin Gates,Bad For Me
98,Signed XOXO,"1,912,124",98,R&B,Pop,spotify:playlist:37i9dQZF1DX2A29LI7xHn1,spotify:track:2HzSAg4A7t5yM8Ly3JpaZR,54,J.I the Prince of N.Y,Toxic
98,Signed XOXO,"1,912,124",98,R&B,Pop,spotify:playlist:37i9dQZF1DX2A29LI7xHn1,spotify:track:2Ku7Iz5iUtukULZ229KUYx,66,Jnr Choi,TO THE MOON - Gunna Remix
98,Signed XOXO,"1,912,124",98,R&B,Pop,spotify:playlist:37i9dQZF1DX2A29LI7xHn1,spotify:track:5Z3mR4zAX4K3krt4JAOpmx,60,Vince Staples,LEMONADE
98,Signed XOXO,"1,912,124",98,R&B,Pop,spotify:playlist:37i9dQZF1DX2A29LI7xHn1,spotify:track:0GrygSHJw7Hkc7Ih5X1wkX,52,Fivio Foreign,Hello (feat. Chlöe & KayCyy)
98,Signed XOXO,"1,912,124",98,R&B,Pop,spotify:playlist:37i9dQZF1DX2A29LI7xHn1,spotify:track:6QTnYGzvy89vanUGSsyLEq,50,EARTHGANG,AMEN (with Musiq Soulchild)
98,Signed XOXO,"1,912,124",98,R&B,Pop,spotify:playlist:37i9dQZF1DX2A29LI7xHn1,spotify:track:7nW1oORHIjElSCjC6cWEkA,46,BRS Kash,Mad At Her
98,Signed XOXO,"1,912,124",98,R&B,Pop,spotify:playlist:37i9dQZF1DX2A29LI7xHn1,spotify:track:6EbVuwU7EnKeF2hdpViXCH,82,Sleepy Hallow,Die Young (feat. 347aidan)
98,Signed XOXO,"1,912,124",98,R&B,Pop,spotify:playlist:37i9dQZF1DX2A29LI7xHn1,spotify:track:4Ub97P3nIIM1flQuvC7GOK,52,EARTHGANG,AMBEYONCÉ (feat. Smino)
98,Signed XOXO,"1,912,124",98,R&B,Pop,spotify:playlist:37i9dQZF1DX2A29LI7xHn1,spotify:track:1GDmorBhnsYZYUU04LiFEm,48,Capella Grey,OT (feat. Ty Dolla $ign)
98,Signed XOXO,"1,912,124",98,R&B,Pop,spotify:playlist:37i9dQZF1DX2A29LI7xHn1,spotify:track:753cO5OnvTsCFGQXI5XHML,37,Shady Blu,Jealousy
98,Signed XOXO,"1,912,124",98,R&B,Pop,spotify:playlist:37i9dQZF1DX2A29LI7xHn1,spotify:track:1REVvAphiSTJyKQ1fDpHa4,74,Kendrick Lamar,Purple Hearts
98,Signed XOXO,"1,912,124",98,R&B,Pop,spotify:playlist:37i9dQZF1DX2A29LI7xHn1,spotify:track:0VofOfBQCt2kZkNqMawsqb,53,KayCyy,Hold you up (feat. Annahstasia & Steven Bamidele)
98,Signed XOXO,"1,912,124",98,R&B,Pop,spotify:playlist:37i9dQZF1DX2A29LI7xHn1,spotify:track:5o6KgsV5QCUdXwh0XEO7EZ,58,Scorey,No Names
98,Signed XOXO,"1,912,124",98,R&B,Pop,spotify:playlist:37i9dQZF1DX2A29LI7xHn1,spotify:track:1rDQ4oMwGJI7B4tovsBOxc,88,Jack Harlow,First Class
98,Signed XOXO,"1,912,124",98,R&B,Pop,spotify:playlist:37i9dQZF1DX2A29LI7xHn1,spotify:track:27ZZdyTSQWI7Cug2d2PkqV,82,Armani White,BILLIE EILISH.
98,Signed XOXO,"1,912,124",98,R&B,Pop,spotify:playlist:37i9dQZF1DX2A29LI7xHn1,spotify:track:0LnS7aOdOdI1dNKZqdOLz4,80,Jack Harlow,Dua Lipa
98,Signed XOXO,"1,912,124",98,R&B,Pop,spotify:playlist:37i9dQZF1DX2A29LI7xHn1,spotify:track:1w4zc04CreWVxEmljzeykK,40,Dreezy,Balance My Lows (feat. Coi Leray)
98,Signed XOXO,"1,912,124",98,R&B,Pop,spotify:playlist:37i9dQZF1DX2A29LI7xHn1,spotify:track:0rOc6dyoDZENV8mJQ2gnQz,46,Kamaiyah,Brand New Rolex
98,Signed XOXO,"1,912,124",98,R&B,Pop,spotify:playlist:37i9dQZF1DX2A29LI7xHn1,spotify:track:2ui0S7VkIT47mTGLlioGsw,53,Ryan Trey,Only Us (feat. Babyface Ray)
98,Signed XOXO,"1,912,124",98,R&B,Pop,spotify:playlist:37i9dQZF1DX2A29LI7xHn1,spotify:track:0Mg5cbRrpU5VF3tV90hmvk,60,Skillibeng,Whap Whap (feat. Fivio Foreign & French Montana)
98,Signed XOXO,"1,912,124",98,R&B,Pop,spotify:playlist:37i9dQZF1DX2A29LI7xHn1,spotify:track:5hR1PFUnx0uRkqYsW4Z4ja,67,Lakeyah,Mind Yo Business (Feat. Latto)
98,Signed XOXO,"1,912,124",98,R&B,Pop,spotify:playlist:37i9dQZF1DX2A29LI7xHn1,spotify:track:6VYBCG9nCZwUUImVqZQVet,62,Blxst,Every Good Girl
98,Signed XOXO,"1,912,124",98,R&B,Pop,spotify:playlist:37i9dQZF1DX2A29LI7xHn1,spotify:track:3QB87iPcNT3pNOSqDGQUHG,46,B-Lovee,Demon (feat. Coi Leray)
98,Signed XOXO,"1,912,124",98,R&B,Pop,spotify:playlist:37i9dQZF1DX2A29LI7xHn1,spotify:track:3Lf16tRdqj4H7MBtCSztDS,63,Latto,Sunshine (feat. Lil Wayne & Childish Gambino)
98,Signed XOXO,"1,912,124",98,R&B,Pop,spotify:playlist:37i9dQZF1DX2A29LI7xHn1,spotify:track:3zQwqYVqMOOGddjx1eQsDs,50,Deante' Hitchcock,Callin' (feat. Big K.R.I.T. & WESTSIDE BOOGIE)
98,Signed XOXO,"1,912,124",98,R&B,Pop,spotify:playlist:37i9dQZF1DX2A29LI7xHn1,spotify:track:6rRCyEuP7uDdX7ste026ky,54,IDK,Breathe
98,Signed XOXO,"1,912,124",98,R&B,Pop,spotify:playlist:37i9dQZF1DX2A29LI7xHn1,spotify:track:5vhrsx08dHh2QcVh1Rsiwt,71,BIA,LONDON (feat. J. Cole)
98,Signed XOXO,"1,912,124",98,R&B,Pop,spotify:playlist:37i9dQZF1DX2A29LI7xHn1,spotify:track:3phALNKWigFCXEhIHOkHrP,49,Vince Staples,ROSE STREET
98,Signed XOXO,"1,912,124",98,R&B,Pop,spotify:playlist:37i9dQZF1DX2A29LI7xHn1,spotify:track:5598VtNWcsDXh61B70Ryco,37,Coi Leray,Aye Yai Yai (with Yung Bleu)
99,phonk,"1,841,105",100,Electronic,Rap,spotify:playlist:37i9dQZF1DWWY64wDtewQt,spotify:track:6qyS9qBy0mEk3qYaH8mPss,85,Kordhell,Murder In My Mind
99,phonk,"1,841,105",100,Electronic,Rap,spotify:playlist:37i9dQZF1DWWY64wDtewQt,spotify:track:2WzAAerBvZvvFXgUpSwHZ9,82,PLAYAMANE,MIDNIGHT
99,phonk,"1,841,105",100,Electronic,Rap,spotify:playlist:37i9dQZF1DWWY64wDtewQt,spotify:track:01kfSdF9zfcDLri5sSWEoL,84,Dxrk ダーク,RAVE
99,phonk,"1,841,105",100,Electronic,Rap,spotify:playlist:37i9dQZF1DWWY64wDtewQt,spotify:track:0iUrxveyNUBfj0cqjYEijt,81,MoonDeity,NEON BLADE
99,phonk,"1,841,105",100,Electronic,Rap,spotify:playlist:37i9dQZF1DWWY64wDtewQt,spotify:track:5Sk39LuvdwuvL84jD01Dum,83,MUPP,vendetta!
99,phonk,"1,841,105",100,Electronic,Rap,spotify:playlist:37i9dQZF1DWWY64wDtewQt,spotify:track:3bpR5jv8uzraDgq5YpHwDw,37,CORPSE,MISA MISA!
99,phonk,"1,841,105",100,Electronic,Rap,spotify:playlist:37i9dQZF1DWWY64wDtewQt,spotify:track:6nqdgUTiWt4JbABDurkxMI,79,Hensonn,Sahara
99,phonk,"1,841,105",100,Electronic,Rap,spotify:playlist:37i9dQZF1DWWY64wDtewQt,spotify:track:5FX30idriKlEIRYTxpNf65,77,KUTE,AVOID ME
99,phonk,"1,841,105",100,Electronic,Rap,spotify:playlist:37i9dQZF1DWWY64wDtewQt,spotify:track:4Cl2yoVbGozFm97tBNgq0L,15,MoonDeity,CURSED
99,phonk,"1,841,105",100,Electronic,Rap,spotify:playlist:37i9dQZF1DWWY64wDtewQt,spotify:track:4h3KlpOEXS6FxIpab6EKlf,76,MC ORSEN,INCOMING
99,phonk,"1,841,105",100,Electronic,Rap,spotify:playlist:37i9dQZF1DWWY64wDtewQt,spotify:track:0wGbyS1tExQSwOYu6UceyE,65,ONIMXRU,SHADOW
99,phonk,"1,841,105",100,Electronic,Rap,spotify:playlist:37i9dQZF1DWWY64wDtewQt,spotify:track:34lfu3S4fIcKZRNXzbdbo7,79,Kordhell,Live Another Day
99,phonk,"1,841,105",100,Electronic,Rap,spotify:playlist:37i9dQZF1DWWY64wDtewQt,spotify:track:0PGAJ37n4O2AslZosr1YGx,79,KSLV Noh,Disaster
99,phonk,"1,841,105",100,Electronic,Rap,spotify:playlist:37i9dQZF1DWWY64wDtewQt,spotify:track:1sWb35nydLCjD71JGURDEv,54,chyxz,RAGNAROK
99,phonk,"1,841,105",100,Electronic,Rap,spotify:playlist:37i9dQZF1DWWY64wDtewQt,spotify:track:1aqP9g3lLR8bpFtkCTm41N,11,KUTE,ANUBIS
99,phonk,"1,841,105",100,Electronic,Rap,spotify:playlist:37i9dQZF1DWWY64wDtewQt,spotify:track:3CLSHJv5aUROAN2vfOyCOh,83,DVRST,Close Eyes
99,phonk,"1,841,105",100,Electronic,Rap,spotify:playlist:37i9dQZF1DWWY64wDtewQt,spotify:track:7KXAgGAHEB1Ny89pL6eEA0,72,yatashigang,Demons Around
99,phonk,"1,841,105",100,Electronic,Rap,spotify:playlist:37i9dQZF1DWWY64wDtewQt,spotify:track:0G17UriYHMjXnZE2OJJSMR,70,Xantesha,SUNRISE (Slowed + Reverb)
99,phonk,"1,841,105",100,Electronic,Rap,spotify:playlist:37i9dQZF1DWWY64wDtewQt,spotify:track:1pS5aMwy4qmtrVs7PwSGll,59,MoonDeity,FIGHT!
99,phonk,"1,841,105",100,Electronic,Rap,spotify:playlist:37i9dQZF1DWWY64wDtewQt,spotify:track:0KYvs7DKC7Cl5IHmwpP13f,78,KSLV Noh,Override
99,phonk,"1,841,105",100,Electronic,Rap,spotify:playlist:37i9dQZF1DWWY64wDtewQt,spotify:track:5YVNmwohNrDoo4f8EQ5htK,76,Sxmpra,COWBELL WARRIOR!
99,phonk,"1,841,105",100,Electronic,Rap,spotify:playlist:37i9dQZF1DWWY64wDtewQt,spotify:track:3ZAVDqWDatGhJEbgTJrSpE,1,DVRST,Tell me what - Alternative
99,phonk,"1,841,105",100,Electronic,Rap,spotify:playlist:37i9dQZF1DWWY64wDtewQt,spotify:track:6Afxf4h7z4MWJXR8E94DW7,67,HXI,HELLDRIFT 2
99,phonk,"1,841,105",100,Electronic,Rap,spotify:playlist:37i9dQZF1DWWY64wDtewQt,spotify:track:5Txeau6Fi96zS4THXUJ4w7,74,VISXGE,IMMACULATE
99,phonk,"1,841,105",100,Electronic,Rap,spotify:playlist:37i9dQZF1DWWY64wDtewQt,spotify:track:3qVSfd3Z2fmJKfHZeOweyQ,65,SHADXWBXRN,DYNAMIC
99,phonk,"1,841,105",100,Electronic,Rap,spotify:playlist:37i9dQZF1DWWY64wDtewQt,spotify:track:5mnpMkzp3Z2RCCbwIEZCbv,78,PlayaPhonk,Phonky Town
99,phonk,"1,841,105",100,Electronic,Rap,spotify:playlist:37i9dQZF1DWWY64wDtewQt,spotify:track:3F8ydJz1se1vIxZTRcRjIJ,76,SHADXWBXRN,PRINCE OF DARKNESS
99,phonk,"1,841,105",100,Electronic,Rap,spotify:playlist:37i9dQZF1DWWY64wDtewQt,spotify:track:5YcNeOOX8etAKtR7I8lNkq,11,Sinizter,DRIFT-ZOKU
99,phonk,"1,841,105",100,Electronic,Rap,spotify:playlist:37i9dQZF1DWWY64wDtewQt,spotify:track:6hRvewF5MRAsqqxnNs3z2b,76,WEEDMANE,SUICIDE YEAR
99,phonk,"1,841,105",100,Electronic,Rap,spotify:playlist:37i9dQZF1DWWY64wDtewQt,spotify:track:1guHCTD0uiEgTG3HOPgBmU,76,GRAVECHILL,Twilight
99,phonk,"1,841,105",100,Electronic,Rap,spotify:playlist:37i9dQZF1DWWY64wDtewQt,spotify:track:4oMyggIzClkOcCTvotFLkP,76,Ghostface Playa,Why Not
99,phonk,"1,841,105",100,Electronic,Rap,spotify:playlist:37i9dQZF1DWWY64wDtewQt,spotify:track:6AVUgWjGcPvqfJI0Vb8PbY,45,Feerix,Still to Kill
99,phonk,"1,841,105",100,Electronic,Rap,spotify:playlist:37i9dQZF1DWWY64wDtewQt,spotify:track:04PQ6RwQZWdbdT72qdcsoA,57,Oscar Webb,GODZILLA
99,phonk,"1,841,105",100,Electronic,Rap,spotify:playlist:37i9dQZF1DWWY64wDtewQt,spotify:track:0SzDVyiiUDpuhzrphnoejr,73,Pharmacist,North Memphis
99,phonk,"1,841,105",100,Electronic,Rap,spotify:playlist:37i9dQZF1DWWY64wDtewQt,spotify:track:56lTRHW3ICSxcYOZbD6Aao,57,Sx1nxwy,Show Me The Will
99,phonk,"1,841,105",100,Electronic,Rap,spotify:playlist:37i9dQZF1DWWY64wDtewQt,spotify:track:4aYamw19Hloc6hQlJwWM1y,70,Kordhell,LAND OF FIRE
99,phonk,"1,841,105",100,Electronic,Rap,spotify:playlist:37i9dQZF1DWWY64wDtewQt,spotify:track:5hJewESdjToYG75xQGXyJy,48,FORGOTTENAGE,SHOOTERS
99,phonk,"1,841,105",100,Electronic,Rap,spotify:playlist:37i9dQZF1DWWY64wDtewQt,spotify:track:48hJrG5HKu5HoN0THsUs7t,54,HIDEOUS MORBID,BLADE CHOICE
99,phonk,"1,841,105",100,Electronic,Rap,spotify:playlist:37i9dQZF1DWWY64wDtewQt,spotify:track:3XUQclGrbo0Bf8OuJ1oyGW,56,VOLT VISION,Destroy
99,phonk,"1,841,105",100,Electronic,Rap,spotify:playlist:37i9dQZF1DWWY64wDtewQt,spotify:track:66n3AI9LxzXkVymlKRzaUT,59,Sadfriendd,vitality!
99,phonk,"1,841,105",100,Electronic,Rap,spotify:playlist:37i9dQZF1DWWY64wDtewQt,spotify:track:0Lc8YJO7LoZdVpJM07GNjK,59,X-WAYNE,RAMPAGE
99,phonk,"1,841,105",100,Electronic,Rap,spotify:playlist:37i9dQZF1DWWY64wDtewQt,spotify:track:56kfvPwk9KARklFwz5jwjJ,65,SHADXWBXRN,COURAGE
99,phonk,"1,841,105",100,Electronic,Rap,spotify:playlist:37i9dQZF1DWWY64wDtewQt,spotify:track:7dXyRgDZlQnA5OU1SPD1oe,65,KUTE,AVOID ME 3
99,phonk,"1,841,105",100,Electronic,Rap,spotify:playlist:37i9dQZF1DWWY64wDtewQt,spotify:track:4P0r0yO7HNPvOra7BHGixH,77,VTORNIK,Money Rain - Phonk Remix
99,phonk,"1,841,105",100,Electronic,Rap,spotify:playlist:37i9dQZF1DWWY64wDtewQt,spotify:track:1EcGY9Z8fkb3ePEo00c3ME,60,4WHEEL,GODMODE
99,phonk,"1,841,105",100,Electronic,Rap,spotify:playlist:37i9dQZF1DWWY64wDtewQt,spotify:track:3Cj5VVbQnLRknyj2NriPJu,58,Øneheart,seaside
99,phonk,"1,841,105",100,Electronic,Rap,spotify:playlist:37i9dQZF1DWWY64wDtewQt,spotify:track:0KW7l7XcacPju6pKCk8rsm,62,NORTMIRAGE,CRIME
99,phonk,"1,841,105",100,Electronic,Rap,spotify:playlist:37i9dQZF1DWWY64wDtewQt,spotify:track:7cocrgKcbtWjKAb3IiistF,52,Dozy Doe,DAISHO
99,phonk,"1,841,105",100,Electronic,Rap,spotify:playlist:37i9dQZF1DWWY64wDtewQt,spotify:track:47C0kcP46CKw8DX69aXmRK,63,DVRST,My Toy
99,phonk,"1,841,105",100,Electronic,Rap,spotify:playlist:37i9dQZF1DWWY64wDtewQt,spotify:track:733RnlYLskyvWMhhzs70sy,71,PRXSXNT FXTURE,TOKYO DRIFT
99,phonk,"1,841,105",100,Electronic,Rap,spotify:playlist:37i9dQZF1DWWY64wDtewQt,spotify:track:4PBvzsqlZVJ0GXzTbBRu0y,59,TRVNSPORTER,Nullifier
99,phonk,"1,841,105",100,Electronic,Rap,spotify:playlist:37i9dQZF1DWWY64wDtewQt,spotify:track:5N4m2XRThL6q3hHa491kZD,60,DVRST,Will Be Soon
99,phonk,"1,841,105",100,Electronic,Rap,spotify:playlist:37i9dQZF1DWWY64wDtewQt,spotify:track:2wGnZ4Dq2LKKyJ7fy7kv2H,66,MoonDeity,NEON BLADE 2
99,phonk,"1,841,105",100,Electronic,Rap,spotify:playlist:37i9dQZF1DWWY64wDtewQt,spotify:track:658QJ4p8WcbT3O7iWLpO1D,76,Kaito Shoma,Scary Garry
99,phonk,"1,841,105",100,Electronic,Rap,spotify:playlist:37i9dQZF1DWWY64wDtewQt,spotify:track:5PfNKiRk4pyJWxle5cU0ba,53,CYREX,AFTERLIFE
99,phonk,"1,841,105",100,Electronic,Rap,spotify:playlist:37i9dQZF1DWWY64wDtewQt,spotify:track:5kr9HU28PSpkmQZ6z9Z1Mx,67,KUTE,TECHNO KILLA
99,phonk,"1,841,105",100,Electronic,Rap,spotify:playlist:37i9dQZF1DWWY64wDtewQt,spotify:track:33jNhRb9njyX482vPmFPMu,66,Phonkha,RAVEN
99,phonk,"1,841,105",100,Electronic,Rap,spotify:playlist:37i9dQZF1DWWY64wDtewQt,spotify:track:2ksyzVfU0WJoBpu8otr4pz,73,INTERWORLD,METAMORPHOSIS
99,phonk,"1,841,105",100,Electronic,Rap,spotify:playlist:37i9dQZF1DWWY64wDtewQt,spotify:track:6e8aObTgP8Jb4eZt5mAAk1,57,yellow pixie,Night Finding
99,phonk,"1,841,105",100,Electronic,Rap,spotify:playlist:37i9dQZF1DWWY64wDtewQt,spotify:track:3xLMFWoTmUzkaIEbnxKEpm,69,IGARASHI KANTA,In a Hood Near You
99,phonk,"1,841,105",100,Electronic,Rap,spotify:playlist:37i9dQZF1DWWY64wDtewQt,spotify:track:4QQyXwqvTF9oByQlSmWhCc,65,VØJ,Destination
99,phonk,"1,841,105",100,Electronic,Rap,spotify:playlist:37i9dQZF1DWWY64wDtewQt,spotify:track:32P1387Vb7TuwbprjRmtQN,61,Hikki Gaya,AMNESIA
99,phonk,"1,841,105",100,Electronic,Rap,spotify:playlist:37i9dQZF1DWWY64wDtewQt,spotify:track:70U2jTJb22sGH2qVYLZJQ0,57,DAZI,Machiavelli
99,phonk,"1,841,105",100,Electronic,Rap,spotify:playlist:37i9dQZF1DWWY64wDtewQt,spotify:track:6nek5FDzB20pQGfa6uaftr,62,Pharmacist,BRAINSHOT
99,phonk,"1,841,105",100,Electronic,Rap,spotify:playlist:37i9dQZF1DWWY64wDtewQt,spotify:track:6GubPXHfFG5cYUFZNl4vsZ,59,Ya$h,SLAYER
99,phonk,"1,841,105",100,Electronic,Rap,spotify:playlist:37i9dQZF1DWWY64wDtewQt,spotify:track:24vFPHmQXc0CzfAkNId1al,60,MoonDeity,Awareness
99,phonk,"1,841,105",100,Electronic,Rap,spotify:playlist:37i9dQZF1DWWY64wDtewQt,spotify:track:2xq4QHhE0fFzWL8VI41ZyI,58,ARCHEZ,LEEZA
99,phonk,"1,841,105",100,Electronic,Rap,spotify:playlist:37i9dQZF1DWWY64wDtewQt,spotify:track:592KrQGd2ihwyIfksRX9Hr,60,HIDEOUS MORBID,JUDGMENT NIGHT
99,phonk,"1,841,105",100,Electronic,Rap,spotify:playlist:37i9dQZF1DWWY64wDtewQt,spotify:track:1UFfpcghvBAHfKwXFG1rr5,62,MUPP,BROKEN SPIRIT
99,phonk,"1,841,105",100,Electronic,Rap,spotify:playlist:37i9dQZF1DWWY64wDtewQt,spotify:track:5Ro8cPLumZRfhhfVxBG5hJ,68,FindMyName,Show Me Your Back
99,phonk,"1,841,105",100,Electronic,Rap,spotify:playlist:37i9dQZF1DWWY64wDtewQt,spotify:track:0Ae8mL3jmEVedZaPMaCZqo,59,Ctrlgang,WHATDOYOUNEED!
99,phonk,"1,841,105",100,Electronic,Rap,spotify:playlist:37i9dQZF1DWWY64wDtewQt,spotify:track:3QslPNyh3s8UdAtNX3c2Fy,66,Dxrk ダーク,BONES
99,phonk,"1,841,105",100,Electronic,Rap,spotify:playlist:37i9dQZF1DWWY64wDtewQt,spotify:track:1bD2Fz7BZGImZ8UYneiFkc,60,FORGOTTENAGE,HYDRA
99,phonk,"1,841,105",100,Electronic,Rap,spotify:playlist:37i9dQZF1DWWY64wDtewQt,spotify:track:0us6HsfLfz9BpjUw7WeUXv,61,Eyez Hate U,DECIMATION
99,phonk,"1,841,105",100,Electronic,Rap,spotify:playlist:37i9dQZF1DWWY64wDtewQt,spotify:track:3Fmzn4AgdZ0owwgmomtY9l,67,MoonDeity,GO!
99,phonk,"1,841,105",100,Electronic,Rap,spotify:playlist:37i9dQZF1DWWY64wDtewQt,spotify:track:2YSm6BI1oDJwBayq3ey1QG,63,SHADXWBXRN,DAMAGE
99,phonk,"1,841,105",100,Electronic,Rap,spotify:playlist:37i9dQZF1DWWY64wDtewQt,spotify:track:4PveqlRhgkZWEeiwEaQ4XS,63,Mista Playa,UNCOVERED KILLER
99,phonk,"1,841,105",100,Electronic,Rap,spotify:playlist:37i9dQZF1DWWY64wDtewQt,spotify:track:6mzhtKI1sI0TkPUPbNAZaM,59,MC ORSEN,TAKE OFF
99,phonk,"1,841,105",100,Electronic,Rap,spotify:playlist:37i9dQZF1DWWY64wDtewQt,spotify:track:7t0OaHwReZjPuEBImsRwvX,63,Phonk Killer,DEVIL SOUL
99,phonk,"1,841,105",100,Electronic,Rap,spotify:playlist:37i9dQZF1DWWY64wDtewQt,spotify:track:3rxBuyFbUbsfslCAliycO7,63,FORGOTTENAGE,DOWNING ME
99,phonk,"1,841,105",100,Electronic,Rap,spotify:playlist:37i9dQZF1DWWY64wDtewQt,spotify:track:6XH0taXenGnqJ4qdlElbDe,63,Luga,LAST ONE
99,phonk,"1,841,105",100,Electronic,Rap,spotify:playlist:37i9dQZF1DWWY64wDtewQt,spotify:track:0CdgB6CDmrDnWhhcGpfdrp,61,DJ CHANSEY,EVIL PHONK
99,phonk,"1,841,105",100,Electronic,Rap,spotify:playlist:37i9dQZF1DWWY64wDtewQt,spotify:track:4o0g3KtUbz0nxSmH93RggE,61,7vvch,Born to Fly
99,phonk,"1,841,105",100,Electronic,Rap,spotify:playlist:37i9dQZF1DWWY64wDtewQt,spotify:track:04cMUwER7r2VwqMCj4kYJ9,73,ZODIVK,Devil Eyes
99,phonk,"1,841,105",100,Electronic,Rap,spotify:playlist:37i9dQZF1DWWY64wDtewQt,spotify:track:5OA0Crr2O5sf4vaj7WpNup,59,Phonk Killer,DAEDALUS
99,phonk,"1,841,105",100,Electronic,Rap,spotify:playlist:37i9dQZF1DWWY64wDtewQt,spotify:track:5IJWadF9aEwG1H4iIrYyUz,66,VØJ,Queen of Pain
99,phonk,"1,841,105",100,Electronic,Rap,spotify:playlist:37i9dQZF1DWWY64wDtewQt,spotify:track:1yAZgqemZMdzkxFsETP2Wr,59,SXULCVTCHER,ETERNAL NIGHT
99,phonk,"1,841,105",100,Electronic,Rap,spotify:playlist:37i9dQZF1DWWY64wDtewQt,spotify:track:5ZKyj00XSlmEoKnDGH4JZa,74,PlayaPhonk,Keraunos
99,phonk,"1,841,105",100,Electronic,Rap,spotify:playlist:37i9dQZF1DWWY64wDtewQt,spotify:track:7nkz4AApDoQGA8jDmonQWX,59,HIDEOUS MORBID,THERMAL IMAGER
99,phonk,"1,841,105",100,Electronic,Rap,spotify:playlist:37i9dQZF1DWWY64wDtewQt,spotify:track:1HR0lYFetVM22vVwRETZiF,66,Razihel,Devil Ride
99,phonk,"1,841,105",100,Electronic,Rap,spotify:playlist:37i9dQZF1DWWY64wDtewQt,spotify:track:6t4Y5WyfvANZD1U0iKxbZz,60,HXVRMXN,OVERTAKE
99,phonk,"1,841,105",100,Electronic,Rap,spotify:playlist:37i9dQZF1DWWY64wDtewQt,spotify:track:3qwlyPrjF2GJLbm7r2D2jO,58,PHONK WALKER,LETTERS TO BANKSY
99,phonk,"1,841,105",100,Electronic,Rap,spotify:playlist:37i9dQZF1DWWY64wDtewQt,spotify:track:2mPChVIzI68uupwyAKhDVv,60,SIDRENCHIK,Toxic
99,phonk,"1,841,105",100,Electronic,Rap,spotify:playlist:37i9dQZF1DWWY64wDtewQt,spotify:track:0eCwAiq4qzQJJgQVaqUaCN,71,Ghostface Playa,Swaggin' at the Partment
99,phonk,"1,841,105",100,Electronic,Rap,spotify:playlist:37i9dQZF1DWWY64wDtewQt,spotify:track:3oN1sJcKLYbc8z4tO6sjVE,66,SHADXWBXRN,KNIGHT
99,phonk,"1,841,105",100,Electronic,Rap,spotify:playlist:37i9dQZF1DWWY64wDtewQt,spotify:track:49koCgN91HKGyBjYWwIQic,61,MC ORSEN,BREAKDOWN
99,phonk,"1,841,105",100,Electronic,Rap,spotify:playlist:37i9dQZF1DWWY64wDtewQt,spotify:track:3SQV31uJMStclklmwxQHe1,68,Ghostface Playa,KILLKA
99,phonk,"1,841,105",100,Electronic,Rap,spotify:playlist:37i9dQZF1DWWY64wDtewQt,spotify:track:3W5AJtjwTqzYJWhF2iBKAE,61,PRXSXNT FXTURE,CRIMINAL MANE
99,phonk,"1,841,105",100,Electronic,Rap,spotify:playlist:37i9dQZF1DWWY64wDtewQt,spotify:track:7ze3dmIW0eC4ZL2cfReTWO,59,Hikki Gaya,Phonk Save the World
99,phonk,"1,841,105",100,Electronic,Rap,spotify:playlist:37i9dQZF1DWWY64wDtewQt,spotify:track:46M2hXnaQpueG7vSvgVtVH,74,Freddie Dredd,GTG
